#clustering method	cluster number	cluster color	gene count	protein name	protein identifier	protein description
kmeans	1	Red	25	ATF2	9606.ENSP00000264110	Cyclic AMP-dependent transcription factor ATF-2; Transcriptional activator which regulates the transcription of various genes, including those involved in anti- apoptosis, cell growth, and DNA damage response. Dependent on its binding partner, binds to CRE (cAMP response element) consensus sequences (5'-TGACGTCA-3') or to AP-1 (activator protein 1) consensus sequences (5'-TGACTCA-3'). In the nucleus, contributes to global transcription and the DNA damage response, in addition to specific transcriptional activities that are related to cell development, proliferation and death. In the cy [...] 
kmeans	1	Red	25	PTPN9	9606.ENSP00000482732	Tyrosine-protein phosphatase non-receptor type 9; Protein-tyrosine phosphatase that could participate in the transfer of hydrophobic ligands or in functions of the Golgi apparatus; Belongs to the protein-tyrosine phosphatase family. Non-receptor class 3 subfamily
kmeans	1	Red	25	SF3B1	9606.ENSP00000335321	Splicing factor 3B subunit 1; Involved in pre-mRNA splicing as a component of the splicing factor SF3B complex. SF3B complex is required for 'A' complex assembly formed by the stable binding of U2 snRNP to the branchpoint sequence (BPS) in pre-mRNA. Sequence independent binding of SF3A/SF3B complex upstream of the branch site is essential, it may anchor U2 snRNP to the pre-mRNA. May also be involved in the assembly of the 'E' complex. Belongs also to the minor U12-dependent spliceosome, which is involved in the splicing of rare class of nuclear pre-mRNA intron; Armadillo-like helical d [...] 
kmeans	1	Red	25	CHN1	9606.ENSP00000386741	N-chimaerin; GTPase-activating protein for p21-rac and a phorbol ester receptor. Involved in the assembly of neuronal locomotor circuits as a direct effector of EPHA4 in axon guidance
kmeans	1	Red	25	RTFDC1	9606.ENSP00000023939	Protein RTF2 homolog; Replication termination factor 2 domain containing 1; Belongs to the rtf2 family
kmeans	1	Red	25	DCP1A	9606.ENSP00000476046	mRNA-decapping enzyme 1A; Necessary for the degradation of mRNAs, both in normal mRNA turnover and in nonsense-mediated mRNA decay. Removes the 7- methyl guanine cap structure from mRNA molecules, yielding a 5'- phosphorylated mRNA fragment and 7m-GDP. Contributes to the transactivation of target genes after stimulation by TGFB1; Belongs to the DCP1 family
kmeans	1	Red	25	PAPD4	9606.ENSP00000397563	Poly(A) RNA polymerase GLD2; Cytoplasmic poly(A) RNA polymerase that adds successive AMP monomers to the 3'-end of specific RNAs, forming a poly(A) tail. In contrast to the canonical nuclear poly(A) RNA polymerase, it only adds poly(A) to selected cytoplasmic mRNAs. Does not play a role in replication-dependent histone mRNA degradation; Belongs to the DNA polymerase type-B-like family. GLD2 subfamily
kmeans	1	Red	25	ATP1B3	9606.ENSP00000286371	Sodium/potassium-transporting ATPase subunit beta-3; This is the non-catalytic component of the active enzyme, which catalyzes the hydrolysis of ATP coupled with the exchange of Na(+) and K(+) ions across the plasma membrane. The exact function of the beta-3 subunit is not known; ATPase Na+/K+ transporting subunits
kmeans	1	Red	25	PRPF4	9606.ENSP00000363313	U4/U6 small nuclear ribonucleoprotein Prp4; Participates in pre-mRNA splicing. Part of the U4/U5/U6 tri-snRNP complex, one of the building blocks of the spliceosome; U4/U6 small nucleolar ribonucleoprotein 
kmeans	1	Red	25	PRPF19	9606.ENSP00000227524	Pre-mRNA-processing factor 19; Ubiquitin-protein ligase which is a core component of several complexes mainly involved pre-mRNA splicing and DNA repair. Core component of the PRP19C/Prp19 complex/NTC/Nineteen complex which is part of the spliceosome and participates in its assembly, its remodeling and is required for its activity. During assembly of the spliceosome, mediates 'Lys-63'-linked polyubiquitination of the U4 spliceosomal protein PRPF3. Ubiquitination of PRPF3 allows its recognition by the U5 component PRPF8 and stabilizes the U4/U5/U6 tri-snRNP spliceosomal complex. Recruite [...] 
kmeans	1	Red	25	NACA	9606.ENSP00000448035	Nascent polypeptide-associated complex subunit alpha, muscle-specific form; Cardiac- and muscle-specific transcription factor. May act to regulate the expression of genes involved in the development of myotubes. Plays a critical role in ventricular cardiomyocyte expansion and regulates postnatal skeletal muscle growth and regeneration. Involved in the organized assembly of thick and thin filaments of myofibril sarcomeres (By similarity)
kmeans	1	Red	25	BUB1	9606.ENSP00000302530	Mitotic checkpoint serine/threonine-protein kinase BUB1; Serine/threonine-protein kinase that performs 2 crucial functions during mitosis: it is essential for spindle-assembly checkpoint signaling and for correct chromosome alignment. Has a key role in the assembly of checkpoint proteins at the kinetochore, being required for the subsequent localization of CENPF, BUB1B, CENPE and MAD2L1. Required for the kinetochore localization of PLK1. Required for centromeric enrichment of AUKRB in prometaphase. Plays an important role in defining SGO1 localization and thereby affects sister chromat [...] 
kmeans	1	Red	25	NDUFB8	9606.ENSP00000299166	NADH dehydrogenase [ubiquinone] 1 beta subcomplex subunit 8, mitochondrial; Accessory subunit of the mitochondrial membrane respiratory chain NADH dehydrogenase (Complex I), that is believed not to be involved in catalysis. Complex I functions in the transfer of electrons from NADH to the respiratory chain. The immediate electron acceptor for the enzyme is believed to be ubiquinone
kmeans	1	Red	25	PIP5K1A	9606.ENSP00000357883	Phosphatidylinositol 4-phosphate 5-kinase type-1 alpha; Catalyzes the phosphorylation of phosphatidylinositol 4- phosphate (PtdIns4P) to form phosphatidylinositol 4,5-bisphosphate (PtdIns(4,5)P2). PtdIns(4,5)P2 is involved in a variety of cellular processes and is the substrate to form phosphatidylinositol 3,4,5-trisphosphate (PtdIns(3,4,5)P3), another second messenger. The majority of PtdIns(4,5)P2 is thought to occur via type I phosphatidylinositol 4-phosphate 5-kinases given the abundance of PtdIns4P. Participates in a variety of cellular processes such as actin cytoskeleton organiz [...] 
kmeans	1	Red	25	SEC31B	9606.ENSP00000359370	Protein transport protein Sec31B; As a component of the coat protein complex II (COPII), may function in vesicle budding and cargo export from the endoplasmic reticulum; Belongs to the WD repeat SEC31 family
kmeans	1	Red	25	PITPNM1	9606.ENSP00000348772	Membrane-associated phosphatidylinositol transfer protein 1; Regulates RHOA activity, and plays a role in cytoskeleton remodeling. Necessary for normal completion of cytokinesis. Plays a role in maintaining normal diacylglycerol levels in the Golgi apparatus. Binds phosphatidyl inositol phosphates (in vitro). May catalyze the transfer of phosphatidylinositol and phosphatidylcholine between membranes (By similarity). Necessary for maintaining the normal structure of the endoplasmic reticulum and the Golgi apparatus. Required for protein export from the endoplasmic reticulum and the Golg [...] 
kmeans	1	Red	25	ECT2	9606.ENSP00000376457	Protein ECT2; Guanine nucleotide exchange factor (GEF) that catalyzes the exchange of GDP for GTP. Promotes guanine nucleotide exchange on the Rho family members of small GTPases, like RHOA, RHOC, RAC1 and CDC42. Required for signal transduction pathways involved in the regulation of cytokinesis. Component of the centralspindlin complex that serves as a microtubule-dependent and Rho-mediated signaling required for the myosin contractile ring formation during the cell cycle cytokinesis. Regulates the translocation of RHOA from the central spindle to the equatorial region. Plays a role i [...] 
kmeans	1	Red	25	MYH11	9606.ENSP00000379616	Myosin-11; Muscle contraction; Belongs to the TRAFAC class myosin-kinesin ATPase superfamily. Myosin family
kmeans	1	Red	25	PABPC3	9606.ENSP00000281589	Polyadenylate-binding protein 3; Binds the poly(A) tail of mRNA. May be involved in cytoplasmic regulatory processes of mRNA metabolism. Binds poly(A) with a slightly lower affinity as compared to PABPC1; RNA binding motif containing
kmeans	1	Red	25	TNNT2	9606.ENSP00000236918	Troponin T, cardiac muscle; Troponin T is the tropomyosin-binding subunit of troponin, the thin filament regulatory complex which confers calcium-sensitivity to striated muscle actomyosin ATPase activity
kmeans	1	Red	25	SLC25A40	9606.ENSP00000344831	Solute carrier family 25 member 40
kmeans	1	Red	25	ITPR1	9606.ENSP00000306253	Inositol 1,4,5-trisphosphate receptor type 1; Intracellular channel that mediates calcium release from the endoplasmic reticulum following stimulation by inositol 1,4,5- trisphosphate. Involved in the regulation of epithelial secretion of electrolytes and fluid through the interaction with AHCYL1 (By similarity). Plays a role in ER stress-induced apoptosis. Cytoplasmic calcium released from the ER triggers apoptosis by the activation of CaM kinase II, eventually leading to the activation of downstream apoptosis pathways (By similarity); Inositol 1,4,5-triphosphate receptors
kmeans	1	Red	25	PSMA4	9606.ENSP00000044462	Proteasome subunit alpha type-4; Component of the 20S core proteasome complex involved in the proteolytic degradation of most intracellular proteins. This complex plays numerous essential roles within the cell by associating with different regulatory particles. Associated with two 19S regulatory particles, forms the 26S proteasome and thus participates in the ATP-dependent degradation of ubiquitinated proteins. The 26S proteasome plays a key role in the maintenance of protein homeostasis by removing misfolded or damaged proteins that could impair cellular functions, and by removing pro [...] 
kmeans	1	Red	25	APOLD1	9606.ENSP00000324277	Apolipoprotein L domain-containing protein 1; May be involved in angiogenesis. May play a role in activity-dependent changes of brain vasculature. May affect blood- brain permeability
kmeans	1	Red	25	RARS	9606.ENSP00000231572	Arginine--tRNA ligase, cytoplasmic; Forms part of a macromolecular complex that catalyzes the attachment of specific amino acids to cognate tRNAs during protein synthesis. Modulates the secretion of AIMP1 and may be involved in generation of the inflammatory cytokine EMAP2 from AIMP1; Aminoacyl tRNA synthetases, Class I
kmeans	2	Yellow	7	DDX47	9606.ENSP00000350698	Probable ATP-dependent RNA helicase DDX47; Involved in apoptosis. May have a role in rRNA processing and mRNA splicing. Associates with pre-rRNA precursors; Belongs to the DEAD box helicase family. DDX47/RRP3 subfamily
kmeans	2	Yellow	7	PES1	9606.ENSP00000346725	Pescadillo homolog; Component of the PeBoW complex, which is required for maturation of 28S and 5.8S ribosomal RNAs and formation of the 60S ribosome; Belongs to the pescadillo family
kmeans	2	Yellow	7	EIF3E	9606.ENSP00000220849	Eukaryotic translation initiation factor 3 subunit E; Component of the eukaryotic translation initiation factor 3 (eIF-3) complex, which is required for several steps in the initiation of protein synthesis. The eIF-3 complex associates with the 40S ribosome and facilitates the recruitment of eIF-1, eIF-1A, eIF-2:GTP:methionyl-tRNAi and eIF-5 to form the 43S pre- initiation complex (43S PIC). The eIF-3 complex stimulates mRNA recruitment to the 43S PIC and scanning of the mRNA for AUG recognition. The eIF-3 complex is also required for disassembly and recycling of post-termination ribos [...] 
kmeans	2	Yellow	7	IMP3	9606.ENSP00000326981	U3 small nucleolar ribonucleoprotein protein IMP3; Component of the 60-80S U3 small nucleolar ribonucleoprotein (U3 snoRNP). Required for the early cleavages during pre-18S ribosomal RNA processing; Belongs to the universal ribosomal protein uS4 family
kmeans	2	Yellow	7	BYSL	9606.ENSP00000230340	Bystin; Required for processing of 20S pre-rRNA precursor and biogenesis of 40S ribosomal subunits. May be required for trophinin-dependent regulation of cell adhesion during implantation of human embryos; Belongs to the bystin family
kmeans	2	Yellow	7	NOB1	9606.ENSP00000268802	RNA-binding protein NOB1; May play a role in mRNA degradation; Belongs to the NOB1 family
kmeans	2	Yellow	7	POLR3B	9606.ENSP00000228347	DNA-directed RNA polymerase III subunit RPC2; DNA-dependent RNA polymerase catalyzes the transcription of DNA into RNA using the four ribonucleoside triphosphates as substrates. Second largest core component of RNA polymerase III which synthesizes small RNAs, such as 5S rRNA and tRNAs. Proposed to contribute to the polymerase catalytic activity and forms the polymerase active center together with the largest subunit. Pol III is composed of mobile elements and RPC2 is part of the core element with the central large cleft and probably a clamp element that moves to open and close the clef [...] 
kmeans	3	Green	5	ILK	9606.ENSP00000379975	Integrin-linked protein kinase; Receptor-proximal protein kinase regulating integrin- mediated signal transduction. May act as a mediator of inside-out integrin signaling. Focal adhesion protein part of the complex ILK-PINCH. This complex is considered to be one of the convergence points of integrin- and growth factor-signaling pathway. Could be implicated in mediating cell architecture, adhesion to integrin substrates and anchorage- dependent growth in epithelial cells. Phosphorylates beta-1 and beta-3 integrin subunit on serine and threonine residues, but also AKT1 and GSK3B
kmeans	3	Green	5	LAMC1	9606.ENSP00000258341	Laminin subunit gamma-1; Binding to cells via a high affinity receptor, laminin is thought to mediate the attachment, migration and organization of cells into tissues during embryonic development by interacting with other extracellular matrix components
kmeans	3	Green	5	LAMB2	9606.ENSP00000388325	Laminin subunit beta-2; Binding to cells via a high affinity receptor, laminin is thought to mediate the attachment, migration and organization of cells into tissues during embryonic development by interacting with other extracellular matrix components
kmeans	3	Green	5	ITGB1	9606.ENSP00000379350	Integrin beta-1; Integrins alpha-1/beta-1, alpha-2/beta-1, alpha-10/beta- 1 and alpha-11/beta-1 are receptors for collagen. Integrins alpha- 1/beta-1 and alpha-2/beta-2 recognize the proline-hydroxylated sequence G-F-P-G-E-R in collagen. Integrins alpha-2/beta-1, alpha- 3/beta-1, alpha-4/beta-1, alpha-5/beta-1, alpha-8/beta-1, alpha- 10/beta-1, alpha-11/beta-1 and alpha-V/beta-1 are receptors for fibronectin. Alpha-4/beta-1 recognizes one or more domains within the alternatively spliced CS-1 and CS-5 regions of fibronectin. Integrin alpha-5/beta-1 is a receptor for fibrinogen. Integrin [...] 
kmeans	3	Green	5	LAMA5	9606.ENSP00000252999	Laminin subunit alpha-5; Binding to cells via a high affinity receptor, laminin is thought to mediate the attachment, migration and organization of cells into tissues during embryonic development by interacting with other extracellular matrix components
kmeans	4	Blue	3	KPNA4	9606.ENSP00000334373	Importin subunit alpha-3; Functions in nuclear protein import as an adapter protein for nuclear receptor KPNB1. Binds specifically and directly to substrates containing either a simple or bipartite NLS motif. Docking of the importin/substrate complex to the nuclear pore complex (NPC) is mediated by KPNB1 through binding to nucleoporin FxFG repeats and the complex is subsequently translocated through the pore by an energy requiring, Ran- dependent mechanism. At the nucleoplasmic side of the NPC, Ran binds to importin-beta and the three components separate and importin-alpha and -beta ar [...] 
kmeans	4	Blue	3	SNUPN	9606.ENSP00000454852	Snurportin-1; Functions as an U snRNP-specific nuclear import adapter. Involved in the trimethylguanosine (m3G)-cap-dependent nuclear import of U snRNPs. Binds specifically to the terminal m3G-cap U snRNAs; Belongs to the snurportin family
kmeans	4	Blue	3	NUP153	9606.ENSP00000444029	Nuclear pore complex protein Nup153; Component of the nuclear pore complex (NPC), a complex required for the trafficking across the nuclear envelope. Functions as a scaffolding element in the nuclear phase of the NPC essential for normal nucleocytoplasmic transport of proteins and mRNAs. Involved in the quality control and retention of unspliced mRNAs in the nucleus; in association with TPR, regulates the nuclear export of unspliced mRNA species bearing constitutive transport element (CTE) in a NXF1- and KHDRBS1-independent manner. Mediates TPR anchoring to the nuclear membrane at NPC. [...] 
